{
  "userSays": [
    {
      "id": "378c179f-3191-4663-bcd9-f6b707ff9e37",
      "data": [
        {
          "text": "show "
        },
        {
          "text": "boxing",
          "alias": "Programs",
          "meta": "@Programs",
          "userDefined": true
        },
        {
          "text": " "
        },
        {
          "text": "events",
          "meta": "@sys.ignore",
          "userDefined": true
        }
      ],
      "isTemplate": false,
      "count": 0
    },
    {
      "id": "f66fd71c-d316-4214-98a9-cefc2c23afec",
      "data": [
        {
          "text": "show details of "
        },
        {
          "text": "High School Football Frenzy",
          "alias": "Programs",
          "meta": "@Programs",
          "userDefined": true
        },
        {
          "text": " on "
        },
        {
          "text": "FOX WPMT",
          "alias": "Channel",
          "meta": "@Channel",
          "userDefined": true
        }
      ],
      "isTemplate": false,
      "count": 0
    },
    {
      "id": "7651093a-4a48-436b-a611-1fd13c3e8b34",
      "data": [
        {
          "text": "show details of "
        },
        {
          "text": "Any Given Wednesday With Bill Simmons",
          "alias": "Programs",
          "meta": "@Programs",
          "userDefined": true
        },
        {
          "text": " on  "
        },
        {
          "text": "Home Box Office",
          "alias": "Channel",
          "meta": "@Channel",
          "userDefined": true
        }
      ],
      "isTemplate": false,
      "count": 0
    },
    {
      "id": "865f5b87-aeca-4157-b512-f31a01607017",
      "data": [
        {
          "text": "show details of "
        },
        {
          "text": "Deadpool",
          "alias": "Programs",
          "meta": "@Programs",
          "userDefined": true
        }
      ],
      "isTemplate": false,
      "count": 0
    },
    {
      "id": "0bf062f2-c41a-4f07-b6be-acae92b7f7ac",
      "data": [
        {
          "text": "show details of "
        },
        {
          "text": "We Are Your Friends",
          "alias": "Programs",
          "meta": "@Programs",
          "userDefined": true
        },
        {
          "text": " on  "
        },
        {
          "text": "HBO",
          "alias": "Channel",
          "meta": "@Channel",
          "userDefined": true
        }
      ],
      "isTemplate": false,
      "count": 1
    },
    {
      "id": "b889202e-2840-4056-a006-a6b5cc673882",
      "data": [
        {
          "text": "show details of "
        },
        {
          "text": "The Late Late Show With James Corden",
          "alias": "Programs",
          "meta": "@Programs",
          "userDefined": true
        }
      ],
      "isTemplate": false,
      "count": 0
    }
  ],
  "id": "9970f38b-f5c2-45e7-a8ad-5b93a6ce47cb",
  "name": "Program Details",
  "auto": true,
  "contexts": [],
  "responses": [
    {
      "resetContexts": false,
      "action": "programSearch",
      "affectedContexts": [],
      "parameters": [
        {
          "dataType": "@Programs",
          "name": "Programs",
          "value": "$Programs"
        },
        {
          "dataType": "@Channel",
          "name": "Channel",
          "value": "$Channel"
        }
      ]
    }
  ],
  "priority": 0,
  "webhookUsed": true,
  "webhookForSlotFilling": false,
  "fallbackIntent": false
}