{
  "userSays": [
    {
      "id": "47696e44-ce38-44ad-9aa1-76e27792a9a7",
      "data": [
        {
          "text": "subscribe @Channel:Channel"
        }
      ],
      "isTemplate": true,
      "count": 0
    },
    {
      "id": "19268966-498e-438e-a011-9f69a07f77fb",
      "data": [
        {
          "text": "i want to subscribe"
        }
      ],
      "isTemplate": false,
      "count": 0
    },
    {
      "id": "748c4e26-9399-4e70-9325-c37d053cb3ba",
      "data": [
        {
          "text": "go ahead"
        }
      ],
      "isTemplate": false,
      "count": 0
    },
    {
      "id": "9260984a-3302-47a1-ac30-9f53d6032182",
      "data": [
        {
          "text": "yes i want to"
        }
      ],
      "isTemplate": false,
      "count": 0
    },
    {
      "id": "d3bc2521-90ea-4541-8ceb-c6b844ec2547",
      "data": [
        {
          "text": "yes subscribe"
        }
      ],
      "isTemplate": false,
      "count": 0
    },
    {
      "id": "e1507738-7a36-4833-a9a9-0bd0852a71a2",
      "data": [
        {
          "text": "i like to subscribe "
        },
        {
          "text": "hbo",
          "alias": "Channel",
          "meta": "@Channel",
          "userDefined": true
        }
      ],
      "isTemplate": false,
      "count": 0
    },
    {
      "id": "c1b9e85f-475d-4275-949a-87ed76a9c26f",
      "data": [
        {
          "text": "i like to subscribe"
        }
      ],
      "isTemplate": false,
      "count": 0
    },
    {
      "id": "5adfb9f5-5c53-44ce-9e42-4a6aebb45daf",
      "data": [
        {
          "text": "subscribe"
        }
      ],
      "isTemplate": false,
      "count": 0
    }
  ],
  "id": "73a78556-ad37-49ac-ad66-10d010036a16",
  "name": "UpsellChannelDirect",
  "auto": true,
  "contexts": [],
  "responses": [
    {
      "resetContexts": false,
      "action": "upsell",
      "affectedContexts": [
        {
          "name": "Recordanswer",
          "parameters": {},
          "lifespan": 5
        }
      ],
      "parameters": [
        {
          "required": true,
          "dataType": "@Channel",
          "name": "Channel",
          "value": "$Channel",
          "prompts": [
            "What channel you want to subscribe?"
          ]
        },
        {
          "required": true,
          "dataType": "@sys.any",
          "name": "purchasepin",
          "prompts": [
            "Enter your purchase pin"
          ]
        }
      ]
    }
  ],
  "priority": 500000,
  "webhookUsed": true,
  "webhookForSlotFilling": false,
  "fallbackIntent": false
}