{
  "userSays": [
    {
      "id": "b90a8f18-faba-4afa-9f2f-cda6967b2140",
      "data": [
        {
          "text": "Genres"
        }
      ],
      "isTemplate": false,
      "count": 0
    },
    {
      "id": "1fc27e97-e727-4351-83b0-9ed6c5f4bba2",
      "data": [
        {
          "text": "Content types"
        }
      ],
      "isTemplate": false,
      "count": 0
    },
    {
      "id": "c9ae3962-005e-4475-8004-114e7e6cb9f9",
      "data": [
        {
          "text": "show program categories"
        }
      ],
      "isTemplate": false,
      "count": 0
    },
    {
      "id": "337bc6e9-1bb9-4def-a846-f80326183736",
      "data": [
        {
          "text": "show categories list pageno: "
        },
        {
          "text": "3",
          "alias": "PageNo",
          "meta": "@sys.number-integer",
          "userDefined": true
        }
      ],
      "isTemplate": false,
      "count": 0
    },
    {
      "id": "f4195544-3040-4631-afb9-d5d6fbfba277",
      "data": [
        {
          "text": "show categories list pageno: @sys.number-integer:PageNo"
        }
      ],
      "isTemplate": true,
      "count": 0
    },
    {
      "id": "e990fbf8-5e72-422e-8232-bcd679d8885c",
      "data": [
        {
          "text": "show categories list"
        }
      ],
      "isTemplate": false,
      "count": 0
    }
  ],
  "id": "f38c320d-f271-473f-b635-bff6cf2ece5d",
  "name": "Category List",
  "auto": true,
  "contexts": [],
  "responses": [
    {
      "resetContexts": false,
      "action": "CategoryList",
      "affectedContexts": [],
      "parameters": [
        {
          "required": false,
          "dataType": "@sys.number-integer",
          "name": "PageNo",
          "value": "$PageNo",
          "prompts": []
        }
      ]
    }
  ],
  "priority": 500000,
  "webhookUsed": false,
  "webhookForSlotFilling": false,
  "fallbackIntent": false
}