{
  "userSays": [
    {
      "id": "54858074-e6ce-4c0f-b9ae-5f23caf2dede",
      "data": [
        {
          "text": "upgrade my dvr"
        }
      ],
      "isTemplate": false,
      "count": 0
    },
    {
      "id": "30606738-6e3d-43d1-abaa-60be554956d1",
      "data": [
        {
          "text": "please upgrade"
        }
      ],
      "isTemplate": false,
      "count": 0
    },
    {
      "id": "c69a7d78-26a7-4782-9a0c-fb773bf3b025",
      "data": [
        {
          "text": "yes",
          "alias": "purchasepin",
          "meta": "@sys.number",
          "userDefined": true
        },
        {
          "text": " i want to upgrade"
        }
      ],
      "isTemplate": false,
      "count": 0
    },
    {
      "id": "7d5edc56-66e2-4f1a-94ae-b4b911a7b0bf",
      "data": [
        {
          "text": "i want to upgrade"
        }
      ],
      "isTemplate": false,
      "count": 0
    },
    {
      "id": "3e89202e-fa4b-46c1-8c7f-bc8bcc499d17",
      "data": [
        {
          "text": "i want to upgrade my dvr"
        }
      ],
      "isTemplate": false,
      "count": 0
    }
  ],
  "id": "f24c98b5-60df-47db-8493-4d83700183a8",
  "name": "DVR Upgrade",
  "auto": true,
  "contexts": [],
  "responses": [
    {
      "resetContexts": false,
      "action": "upgradeDVR",
      "affectedContexts": [],
      "parameters": [
        {
          "required": true,
          "dataType": "@sys.number",
          "name": "purchasepin",
          "value": "$purchasepin",
          "prompts": [
            "Please enter your purchase pin"
          ]
        }
      ]
    }
  ],
  "priority": 500000,
  "webhookUsed": false,
  "webhookForSlotFilling": false,
  "fallbackIntent": false
}