{
  "userSays": [
    {
      "id": "b1977305-1a33-48e1-8ede-9be8e3bf74d1",
      "data": [
        {
          "text": "Am I logged in"
        }
      ],
      "isTemplate": false,
      "count": 0
    },
    {
      "id": "0b3c3038-8821-4468-8928-8d589a797a87",
      "data": [
        {
          "text": "Log Out"
        }
      ],
      "isTemplate": false,
      "count": 0
    },
    {
      "id": "b2bcb5f8-a438-4347-a595-50220c084854",
      "data": [
        {
          "text": "logout"
        }
      ],
      "isTemplate": false,
      "count": 0
    },
    {
      "id": "41220618-1682-491d-85b0-7e6b7cb870e4",
      "data": [
        {
          "text": "LinkAccount"
        }
      ],
      "isTemplate": false,
      "count": 0
    },
    {
      "id": "08e3ac7d-2bf5-4b07-a853-ad54b5681846",
      "data": [
        {
          "text": "signin"
        }
      ],
      "isTemplate": false,
      "count": 0
    },
    {
      "id": "152aebfb-ea5d-4e5d-81eb-c9da760bf0a5",
      "data": [
        {
          "text": "Log in"
        }
      ],
      "isTemplate": false,
      "count": 0
    },
    {
      "id": "5e33b9aa-8c40-4df0-a584-917c3fc1b932",
      "data": [
        {
          "text": "Login"
        }
      ],
      "isTemplate": false,
      "count": 0
    },
    {
      "id": "383d6078-5c63-4deb-a79b-6217c6985b6a",
      "data": [
        {
          "text": "Userid : @sys.any:Userid  Regionid : @sys.number-integer:RegionId"
        }
      ],
      "isTemplate": true,
      "count": 0
    },
    {
      "id": "63054f13-c53e-4ec6-82f1-0f7bcbfed336",
      "data": [
        {
          "text": "Link Account"
        }
      ],
      "isTemplate": false,
      "count": 0
    }
  ],
  "id": "32e8f5b5-7f79-4741-8fb3-b35f936fb271",
  "name": "LinkAccount",
  "auto": false,
  "contexts": [],
  "responses": [
    {
      "resetContexts": false,
      "action": "LinkOptions",
      "affectedContexts": [
        {
          "name": "SessionUserid",
          "parameters": {},
          "lifespan": 600
        }
      ],
      "parameters": [
        {
          "required": false,
          "dataType": "@sys.any",
          "name": "Userid",
          "value": "$Userid",
          "prompts": [
            "Enter your Verizon userid"
          ]
        },
        {
          "required": false,
          "dataType": "@sys.number-integer",
          "name": "RegionId",
          "value": "$RegionId"
        }
      ]
    }
  ],
  "priority": 500000,
  "webhookUsed": false,
  "webhookForSlotFilling": false,
  "fallbackIntent": false
}