{
  "id": "ce8155c0-d312-44eb-8fcc-888626d74ce4",
  "name": "Confirm",
  "isOverridable": true,
  "entries": [
    {
      "value": "yes",
      "synonyms": [
        "yes",
        "yeah",
        "ok"
      ]
    },
    {
      "value": "no",
      "synonyms": [
        "no",
        "not now"
      ]
    },
    {
      "value": "romantic comedy",
      "synonyms": [
        "romantic comedy"
      ]
    },
    {
      "value": "High School Football Frenzy",
      "synonyms": [
        "High School Football Frenzy"
      ]
    }
  ],
  "isEnum": false,
  "automatedExpansion": false
}