{
  "id": "b81ccf4d-a6c1-4861-b4f9-1cc724f6e750",
  "name": "ContentType",
  "isOverridable": true,
  "entries": [
    {
      "value": "MOVIE",
      "synonyms": [
        "Movie",
        "Movies"
      ]
    },
    {
      "value": "SERIES",
      "synonyms": [
        "SERIES"
      ]
    },
    {
      "value": "PROGRAM",
      "synonyms": [
        "PROGRAM",
        "Shows"
      ]
    },
    {
      "value": "SPORTS",
      "synonyms": [
        "SPORTS"
      ]
    },
    {
      "value": "EPISODE",
      "synonyms": [
        "EPISODE",
        "EPISODES"
      ]
    },
    {
      "value": "programs",
      "synonyms": [
        "programs"
      ]
    }
  ],
  "isEnum": false,
  "automatedExpansion": false
}