{
  "id": "2b81790d-6615-4338-85b3-4694c11e23a9",
  "name": "ProgramGroup",
  "isOverridable": true,
  "entries": [
    {
      "value": "Prime TIme",
      "synonyms": [
        "Prime TIme",
        "Prime"
      ]
    },
    {
      "value": "Trending",
      "synonyms": [
        "Trending"
      ]
    },
    {
      "value": "What\u0027s Hot",
      "synonyms": [
        "What\u0027s Hot",
        "Whats Hot",
        "Wats Hot",
        "WhatsHot"
      ]
    },
    {
      "value": "sports",
      "synonyms": [
        "sports"
      ]
    }
  ],
  "isEnum": false,
  "automatedExpansion": false
}