{
  "id": "25d46a64-844d-4df1-923a-5e4090774813",
  "name": "Teams",
  "isOverridable": true,
  "entries": [
    {
      "value": "Arizona Cardinals",
      "synonyms": [
        "Arizona Cardinals",
        "Cardinals"
      ]
    },
    {
      "value": "Chicago Bears",
      "synonyms": [
        "Chicago Bears",
        "Bears"
      ]
    },
    {
      "value": "Green Bay Packers",
      "synonyms": [
        "Green Bay Packers",
        "Packers"
      ]
    },
    {
      "value": "New York Giants",
      "synonyms": [
        "New York Giants",
        "Giants"
      ]
    },
    {
      "value": "Detroit Lions",
      "synonyms": [
        "Detroit Lions",
        "Lions"
      ]
    },
    {
      "value": "Washington Redskins",
      "synonyms": [
        "Washington Redskins",
        "Redskins"
      ]
    },
    {
      "value": "Philadelphia Eagles",
      "synonyms": [
        "Philadelphia Eagles",
        "Eagles"
      ]
    },
    {
      "value": "Pittsburgh Steelers",
      "synonyms": [
        "Pittsburgh Steelers",
        "Steelers"
      ]
    },
    {
      "value": "Los Angeles Rams",
      "synonyms": [
        "Los Angeles Rams",
        "Rams"
      ]
    },
    {
      "value": "San Francisco 49ers",
      "synonyms": [
        "San Francisco 49ers",
        "49ers"
      ]
    },
    {
      "value": "Cleveland Browns",
      "synonyms": [
        "Cleveland Browns",
        "Browns"
      ]
    },
    {
      "value": "Indianapolis Colts",
      "synonyms": [
        "Indianapolis Colts",
        "Colts"
      ]
    },
    {
      "value": "Dallas Cowboys",
      "synonyms": [
        "Dallas Cowboys",
        "Cowboys"
      ]
    },
    {
      "value": "Kansas City Chiefs",
      "synonyms": [
        "Kansas City Chiefs",
        "Chiefs"
      ]
    },
    {
      "value": "San Diego Chargers",
      "synonyms": [
        "San Diego Chargers",
        "Chargers"
      ]
    },
    {
      "value": "Denver Broncos",
      "synonyms": [
        "Denver Broncos",
        "Broncos"
      ]
    },
    {
      "value": "New York Jets",
      "synonyms": [
        "New York Jets",
        "Jets"
      ]
    },
    {
      "value": "New England Patriots",
      "synonyms": [
        "New England Patriots",
        "Patriots"
      ]
    },
    {
      "value": "Oakland Raiders",
      "synonyms": [
        "Oakland Raiders",
        "Raiders"
      ]
    },
    {
      "value": "Tennessee Titans",
      "synonyms": [
        "Tennessee Titans",
        "Titans"
      ]
    },
    {
      "value": "Buffalo Bills",
      "synonyms": [
        "Buffalo Bills"
      ]
    },
    {
      "value": "Minnesota Vikings",
      "synonyms": [
        "Minnesota Vikings",
        "Vikings"
      ]
    },
    {
      "value": "Atlanta Falcons",
      "synonyms": [
        "Atlanta Falcons",
        "Falcons"
      ]
    },
    {
      "value": "Miami Dolphins",
      "synonyms": [
        "Miami Dolphins",
        "Dolphins"
      ]
    },
    {
      "value": "New Orleans Saints",
      "synonyms": [
        "New Orleans Saints",
        "Saints"
      ]
    },
    {
      "value": "Cincinnati Bengals",
      "synonyms": [
        "Cincinnati Bengals"
      ]
    },
    {
      "value": "Seattle Seahawks",
      "synonyms": [
        "Seattle Seahawks",
        "Seahawks"
      ]
    },
    {
      "value": "Tampa Bay Buccaneers",
      "synonyms": [
        "Tampa Bay Buccaneers",
        "Buccaneers"
      ]
    },
    {
      "value": "Carolina Panthers",
      "synonyms": [
        "Carolina Panthers",
        "Panthers"
      ]
    },
    {
      "value": "Jacksonville Jaguars",
      "synonyms": [
        "Jacksonville Jaguars",
        "Jaguars"
      ]
    },
    {
      "value": "Baltimore Ravens",
      "synonyms": [
        "Baltimore Ravens",
        "Ravens"
      ]
    },
    {
      "value": "Houston Texans",
      "synonyms": [
        "Houston Texans",
        "Texans"
      ]
    },
    {
      "value": "Boston Celtics",
      "synonyms": [
        "Boston Celtics",
        "Celtics"
      ]
    },
    {
      "value": "Brooklyn Nets",
      "synonyms": [
        "Brooklyn Nets",
        "Nets"
      ]
    },
    {
      "value": "New York Knicks",
      "synonyms": [
        "New York Knicks",
        "Knicks"
      ]
    },
    {
      "value": "Philadelphia 76ers",
      "synonyms": [
        "Philadelphia 76ers",
        "76ers"
      ]
    },
    {
      "value": "Toronto Raptors",
      "synonyms": [
        "Toronto Raptors",
        "Raptors"
      ]
    },
    {
      "value": "Chicago Bulls",
      "synonyms": [
        "Chicago Bulls",
        "Bulls"
      ]
    },
    {
      "value": "Cleveland Cavaliers",
      "synonyms": [
        "Cleveland Cavaliers",
        "Cavaliers"
      ]
    },
    {
      "value": "Detroit Pistons",
      "synonyms": [
        "Detroit Pistons",
        "Pistons"
      ]
    },
    {
      "value": "Indiana Pacers",
      "synonyms": [
        "Indiana Pacers",
        "Pacers"
      ]
    },
    {
      "value": "Milwaukee Bucks",
      "synonyms": [
        "Milwaukee Bucks",
        "Bucks"
      ]
    },
    {
      "value": "Atlanta Hawks",
      "synonyms": [
        "Atlanta Hawks",
        "Hawks"
      ]
    },
    {
      "value": "Charlotte Hornets",
      "synonyms": [
        "Charlotte Hornets",
        "Hornets"
      ]
    },
    {
      "value": "Miami Heat",
      "synonyms": [
        "Miami Heat"
      ]
    },
    {
      "value": "Orlando Magic",
      "synonyms": [
        "Orlando Magic"
      ]
    },
    {
      "value": "Washington Wizards",
      "synonyms": [
        "Washington Wizards",
        "Wizards"
      ]
    },
    {
      "value": "Denver Nuggets",
      "synonyms": [
        "Denver Nuggets",
        "Nuggets"
      ]
    },
    {
      "value": "Minnesota Timberwolves",
      "synonyms": [
        "Minnesota Timberwolves",
        "Timberwolves"
      ]
    },
    {
      "value": "Oklahoma City Thunder",
      "synonyms": [
        "Oklahoma City Thunder",
        "Thunder"
      ]
    },
    {
      "value": "Portland Trail Blazers",
      "synonyms": [
        "Portland Trail Blazers"
      ]
    },
    {
      "value": "Utah Jazz",
      "synonyms": [
        "Utah Jazz"
      ]
    },
    {
      "value": "Golden State Warriors",
      "synonyms": [
        "Golden State Warriors",
        "Warriors"
      ]
    },
    {
      "value": "Los Angeles Clippers",
      "synonyms": [
        "Los Angeles Clippers",
        "Clippers"
      ]
    },
    {
      "value": "Los Angeles Lakers",
      "synonyms": [
        "Los Angeles Lakers",
        "Lakers"
      ]
    },
    {
      "value": "Phoenix Suns",
      "synonyms": [
        "Phoenix Suns",
        "Suns"
      ]
    },
    {
      "value": "Sacramento Kings",
      "synonyms": [
        "Sacramento Kings"
      ]
    },
    {
      "value": "Dallas Mavericks",
      "synonyms": [
        "Dallas Mavericks",
        "Mavericks"
      ]
    },
    {
      "value": "Houston Rockets",
      "synonyms": [
        "Houston Rockets"
      ]
    },
    {
      "value": "Memphis Grizzlies",
      "synonyms": [
        "Memphis Grizzlies",
        "Grizzlies"
      ]
    },
    {
      "value": "New Orleans Pelicans",
      "synonyms": [
        "New Orleans Pelicans",
        "Pelicans"
      ]
    },
    {
      "value": "San Antonio Spurs",
      "synonyms": [
        "San Antonio Spurs",
        "Spurs"
      ]
    },
    {
      "value": "Baltimore Orioles",
      "synonyms": [
        "Baltimore Orioles",
        "Orioles"
      ]
    },
    {
      "value": "Boston Red Sox",
      "synonyms": [
        "Boston Red Sox"
      ]
    },
    {
      "value": "New York Yankees",
      "synonyms": [
        "New York Yankees",
        "Yankees"
      ]
    },
    {
      "value": "Tampa Bay Rays",
      "synonyms": [
        "Tampa Bay Rays",
        "Bay Rays"
      ]
    },
    {
      "value": "Toronto Blue Jays",
      "synonyms": [
        "Toronto Blue Jays",
        "Blue Jays"
      ]
    },
    {
      "value": "Atlanta Braves",
      "synonyms": [
        "Atlanta Braves",
        "Braves"
      ]
    },
    {
      "value": "Miami Marlins",
      "synonyms": [
        "Miami Marlins",
        "Marlins"
      ]
    },
    {
      "value": "New York Mets",
      "synonyms": [
        "New York Mets",
        "Mets"
      ]
    },
    {
      "value": "Philadelphia Phillies",
      "synonyms": [
        "Philadelphia Phillies",
        "Phillies"
      ]
    },
    {
      "value": "Washington Nationals",
      "synonyms": [
        "Washington Nationals",
        "Nationals"
      ]
    },
    {
      "value": "Chicago White Sox",
      "synonyms": [
        "Chicago White Sox",
        "White Sox"
      ]
    },
    {
      "value": "Cleveland Indians",
      "synonyms": [
        "Cleveland Indians",
        "Indians"
      ]
    },
    {
      "value": "Detroit Tigers",
      "synonyms": [
        "Detroit Tigers",
        "Tigers"
      ]
    },
    {
      "value": "Kansas City Royals",
      "synonyms": [
        "Kansas City Royals",
        "Royals"
      ]
    },
    {
      "value": "Minnesota Twins",
      "synonyms": [
        "Minnesota Twins",
        "Twins"
      ]
    },
    {
      "value": "Chicago Cubs",
      "synonyms": [
        "Chicago Cubs",
        "Cubs"
      ]
    },
    {
      "value": "Cincinnati Reds",
      "synonyms": [
        "Cincinnati Reds",
        "Reds"
      ]
    },
    {
      "value": "Milwaukee Brewers",
      "synonyms": [
        "Milwaukee Brewers",
        "Brewers"
      ]
    },
    {
      "value": "Pittsburgh Pirates",
      "synonyms": [
        "Pittsburgh Pirates"
      ]
    },
    {
      "value": "St. Louis Cardinals",
      "synonyms": [
        "St. Louis Cardinals",
        "Cardinals"
      ]
    },
    {
      "value": "Houston Astros",
      "synonyms": [
        "Houston Astros",
        "Astros"
      ]
    },
    {
      "value": "Los Angeles Angels",
      "synonyms": [
        "Los Angeles Angels"
      ]
    },
    {
      "value": "Oakland Athletics",
      "synonyms": [
        "Oakland Athletics"
      ]
    },
    {
      "value": "Seattle Mariners",
      "synonyms": [
        "Seattle Mariners",
        "Mariners"
      ]
    },
    {
      "value": "Texas Rangers",
      "synonyms": [
        "Texas Rangers",
        "Rangers"
      ]
    },
    {
      "value": "Arizona Diamondbacks",
      "synonyms": [
        "Arizona Diamondbacks",
        "Diamondbacks"
      ]
    },
    {
      "value": "Colorado Rockies",
      "synonyms": [
        "Colorado Rockies",
        "Rockies"
      ]
    },
    {
      "value": "Los Angeles Dodgers",
      "synonyms": [
        "Los Angeles Dodgers",
        "Dodgers"
      ]
    },
    {
      "value": "San Diego Padres",
      "synonyms": [
        "San Diego Padres",
        "Padres"
      ]
    },
    {
      "value": "San Francisco Giants",
      "synonyms": [
        "San Francisco Giants",
        "Giants"
      ]
    },
    {
      "value": "Boston Bruins",
      "synonyms": [
        "Boston Bruins",
        "Bruins"
      ]
    },
    {
      "value": "Buffalo Sabres",
      "synonyms": [
        "Buffalo Sabres",
        "Sabres"
      ]
    },
    {
      "value": "Detroit Red Wings",
      "synonyms": [
        "Detroit Red Wings",
        "Wings"
      ]
    },
    {
      "value": "Florida Panthers",
      "synonyms": [
        "Florida Panthers",
        "Panthers"
      ]
    },
    {
      "value": "Montreal Canadiens",
      "synonyms": [
        "Montreal Canadiens",
        "Canadiens"
      ]
    },
    {
      "value": "Ottawa Senators",
      "synonyms": [
        "Ottawa Senators",
        "Senators"
      ]
    },
    {
      "value": "Tampa Bay Lightning",
      "synonyms": [
        "Tampa Bay Lightning",
        "Lightning"
      ]
    },
    {
      "value": "Toronto Maple Leafs",
      "synonyms": [
        "Toronto Maple Leafs",
        "Leafs"
      ]
    },
    {
      "value": "Carolina Hurricanes",
      "synonyms": [
        "Carolina Hurricanes",
        "Hurricanes"
      ]
    },
    {
      "value": "Columbus Blue Jackets",
      "synonyms": [
        "Columbus Blue Jackets",
        "Blue Jackets"
      ]
    },
    {
      "value": "New Jersey Devils",
      "synonyms": [
        "New Jersey Devils",
        "Devils"
      ]
    },
    {
      "value": "New York Islanders",
      "synonyms": [
        "New York Islanders",
        "Islanders"
      ]
    },
    {
      "value": "New York Rangers",
      "synonyms": [
        "New York Rangers",
        "Rangers"
      ]
    },
    {
      "value": "Philadelphia Flyers",
      "synonyms": [
        "Philadelphia Flyers",
        "Flyers"
      ]
    },
    {
      "value": "Pittsburgh Penguins",
      "synonyms": [
        "Pittsburgh Penguins"
      ]
    },
    {
      "value": "Washington Capitals",
      "synonyms": [
        "Washington Capitals",
        "Capitals"
      ]
    },
    {
      "value": "Anaheim Ducks",
      "synonyms": [
        "Anaheim Ducks",
        "Ducks"
      ]
    },
    {
      "value": "Arizona Coyotes",
      "synonyms": [
        "Arizona Coyotes",
        "Coyotes"
      ]
    },
    {
      "value": "Calgary Flames",
      "synonyms": [
        "Calgary Flames",
        "Flames"
      ]
    },
    {
      "value": "Edmonton Oilers",
      "synonyms": [
        "Edmonton Oilers",
        "Oilers"
      ]
    },
    {
      "value": "Los Angeles Kings",
      "synonyms": [
        "Los Angeles Kings",
        "Kings"
      ]
    },
    {
      "value": "San Jose Sharks",
      "synonyms": [
        "San Jose Sharks",
        "Sharks"
      ]
    },
    {
      "value": "Vancouver Canucks",
      "synonyms": [
        "Vancouver Canucks",
        "Canucks"
      ]
    },
    {
      "value": "Chicago Blackhawks",
      "synonyms": [
        "Chicago Blackhawks",
        "Blackhawks"
      ]
    },
    {
      "value": "Colorado Avalanche",
      "synonyms": [
        "Colorado Avalanche",
        "Avalanche"
      ]
    },
    {
      "value": "Dallas Stars",
      "synonyms": [
        "Dallas Stars"
      ]
    },
    {
      "value": "Minnesota Wild",
      "synonyms": [
        "Minnesota Wild"
      ]
    },
    {
      "value": "Nashville Predators",
      "synonyms": [
        "Nashville Predators"
      ]
    },
    {
      "value": "St. Louis Blues",
      "synonyms": [
        "St. Louis Blues",
        "St Louis Blues"
      ]
    },
    {
      "value": "Winnipeg Jets",
      "synonyms": [
        "Winnipeg Jets"
      ]
    },
    {
      "value": "Real Madrid",
      "synonyms": [
        "Real Madrid"
      ]
    },
    {
      "value": "Barcelona",
      "synonyms": [
        "Barcelona"
      ]
    },
    {
      "value": "Manchester United",
      "synonyms": [
        "Manchester United"
      ]
    },
    {
      "value": "Bayern Munich",
      "synonyms": [
        "Bayern Munich"
      ]
    },
    {
      "value": "Arsenal",
      "synonyms": [
        "Arsenal"
      ]
    },
    {
      "value": "Manchester City",
      "synonyms": [
        "Manchester City"
      ]
    },
    {
      "value": "Chelsea",
      "synonyms": [
        "Chelsea"
      ]
    },
    {
      "value": "Liverpool",
      "synonyms": [
        "Liverpool"
      ]
    },
    {
      "value": "Juventus",
      "synonyms": [
        "Juventus"
      ]
    },
    {
      "value": "Tottenham Hotspur",
      "synonyms": [
        "Tottenham Hotspur",
        "Hotspur"
      ]
    },
    {
      "value": "Borussia Dortmund",
      "synonyms": [
        "Borussia Dortmund",
        "Dortmund"
      ]
    },
    {
      "value": "A.C. Milan",
      "synonyms": [
        "A.C. Milan",
        "AC Milan",
        "A C Milan"
      ]
    },
    {
      "value": "Paris Saint-Germain",
      "synonyms": [
        "Paris Saint-Germain",
        "Paris Saint Germain",
        "Saint-Germain",
        "Saint Germain"
      ]
    },
    {
      "value": "Schalke 04",
      "synonyms": [
        "Schalke 04",
        "Schalke"
      ]
    },
    {
      "value": "Atlético Madrid",
      "synonyms": [
        "Atlético Madrid"
      ]
    },
    {
      "value": "Inter Milan",
      "synonyms": [
        "Inter Milan"
      ]
    },
    {
      "value": "West Ham United",
      "synonyms": [
        "West Ham United"
      ]
    },
    {
      "value": "Roma",
      "synonyms": [
        "Roma"
      ]
    },
    {
      "value": "Napoli",
      "synonyms": [
        "Napoli"
      ]
    },
    {
      "value": "Newcastle United",
      "synonyms": [
        "Newcastle United"
      ]
    }
  ],
  "isEnum": false,
  "automatedExpansion": true
}