{
  "id": "7d2b5c52-f232-42ac-8dac-68122342b9e1",
  "name": "VODTitles",
  "isOverridable": true,
  "entries": [
    {
      "value": "Frozen",
      "synonyms": [
        "Frozen"
      ]
    },
    {
      "value": "Trolls",
      "synonyms": [
        "Trolls"
      ]
    },
    {
      "value": "Storks",
      "synonyms": [
        "Storks"
      ]
    },
    {
      "value": "Titanic",
      "synonyms": [
        "Titanic"
      ]
    }
  ],
  "isEnum": false,
  "automatedExpansion": false
}