{
  "id": "7e9bb6c1-886e-4fbc-91bd-3e96d974d36f",
  "name": "Cast",
  "isOverridable": true,
  "entries": [
    {
      "value": "Tom Cruise",
      "synonyms": [
        "Tom Cruise"
      ]
    },
    {
      "value": "Tom Hanks",
      "synonyms": [
        "Tom Hanks"
      ]
    },
    {
      "value": "David Duchovny",
      "synonyms": [
        "David Duchovny",
        "Duchovny"
      ]
    },
    {
      "value": "Darth Vader",
      "synonyms": [
        "Darth Vader",
        "Vader",
        "Darth"
      ]
    },
    {
      "value": "Megan Fox",
      "synonyms": [
        "Megan Fox",
        "Megan"
      ]
    },
    {
      "value": "Shia Lebeuf",
      "synonyms": [
        "Shia Lebeuf",
        "Lebeuf"
      ]
    },
    {
      "value": "Eva Green",
      "synonyms": [
        "Eva Green"
      ]
    },
    {
      "value": "Josh Hartnett",
      "synonyms": [
        "Josh Hartnett",
        "Hartnett"
      ]
    },
    {
      "value": "Diane Kruger",
      "synonyms": [
        "Diane Kruger",
        "Kruger"
      ]
    },
    {
      "value": "Olivia Munn",
      "synonyms": [
        "Olivia Munn",
        "Munn"
      ]
    },
    {
      "value": "Brad Pitt",
      "synonyms": [
        "Brad Pitt",
        "Pitt"
      ]
    },
    {
      "value": "Jennifer Lopez",
      "synonyms": [
        "Jennifer Lopez",
        "lopez"
      ]
    },
    {
      "value": "Leonardo Dicaprio",
      "synonyms": [
        "Leonardo Dicaprio",
        "Dicaprio",
        "Leonardo"
      ]
    },
    {
      "value": "Robert de niro",
      "synonyms": [
        "Robert de niro",
        "niro"
      ]
    },
    {
      "value": "Jackie Chan",
      "synonyms": [
        "Jackie Chan",
        "Jackie"
      ]
    },
    {
      "value": "Sylvester Stallone",
      "synonyms": [
        "Sylvester Stallone",
        "Sylvester",
        "Stallone"
      ]
    },
    {
      "value": "Angelina Jolie",
      "synonyms": [
        "Angelina Jolie",
        "Angelina"
      ]
    },
    {
      "value": "Jennifer Lawrence",
      "synonyms": [
        "Jennifer Lawrence"
      ]
    },
    {
      "value": "Benicio del Toro",
      "synonyms": [
        "Benicio del Toro",
        "Benicio"
      ]
    },
    {
      "value": "Marion Cotillard",
      "synonyms": [
        "Marion Cotillard",
        "Marion",
        "Cotillard"
      ]
    },
    {
      "value": "Carrie Fisher",
      "synonyms": [
        "Carrie Fisher",
        "Carrie",
        "Fisher"
      ]
    },
    {
      "value": "Harrison Ford",
      "synonyms": [
        "Harrison Ford",
        "Ford"
      ]
    },
    {
      "value": "Samuel L Jackson",
      "synonyms": [
        "Samuel L Jackson",
        "Samuel Jackson"
      ]
    },
    {
      "value": "Hugh Jackman",
      "synonyms": [
        "Hugh Jackman",
        "Jackman"
      ]
    },
    {
      "value": "Keanu Reeves",
      "synonyms": [
        "Keanu Reeves",
        "Keanu"
      ]
    },
    {
      "value": "Dave Chappelle",
      "synonyms": [
        "Dave Chappelle",
        "Chappelle"
      ]
    },
    {
      "value": "Chris Pratt",
      "synonyms": [
        "Chris Pratt",
        "Pratt"
      ]
    },
    {
      "value": "Kate Beckinsale",
      "synonyms": [
        "Kate Beckinsale",
        "Beckinsale"
      ]
    },
    {
      "value": "Bradley Cooper",
      "synonyms": [
        "Bradley Cooper",
        "Bradley",
        "Cooper"
      ]
    },
    {
      "value": "Beyonce",
      "synonyms": [
        "Beyoncé",
        "Beyonce"
      ]
    },
    {
      "value": "Will Smith",
      "synonyms": [
        "Will Smith"
      ]
    },
    {
      "value": "Gillian Anderson",
      "synonyms": [
        "Gillian Anderson",
        "Gillian"
      ]
    },
    {
      "value": "Kate Beckinsale",
      "synonyms": [
        "Kate Beckinsale",
        "Beckinsale"
      ]
    },
    {
      "value": "Amy Adams",
      "synonyms": [
        "Amy Adams"
      ]
    },
    {
      "value": "Charlize Theron",
      "synonyms": [
        "Charlize Theron"
      ]
    },
    {
      "value": "Julia Roberts",
      "synonyms": [
        "Julia Roberts"
      ]
    },
    {
      "value": "Al Pacino",
      "synonyms": [
        "Al Pacino"
      ]
    },
    {
      "value": "Scarlett Johansson",
      "synonyms": [
        "Scarlett Johansson",
        "Scarlett",
        "Johansson"
      ]
    },
    {
      "value": "Jared Leto",
      "synonyms": [
        "Jared Leto"
      ]
    },
    {
      "value": "Christina Hendricks",
      "synonyms": [
        "Christina Hendricks"
      ]
    },
    {
      "value": "Adam Driver",
      "synonyms": [
        "Adam Driver"
      ]
    },
    {
      "value": "Kiera Knightly",
      "synonyms": [
        "Kiera Knightly"
      ]
    },
    {
      "value": "Nicholas Cage",
      "synonyms": [
        "Nicholas Cage"
      ]
    },
    {
      "value": "Jennifer Lawrence",
      "synonyms": [
        "Jennifer Lawrence"
      ]
    },
    {
      "value": "Jennifer Aniston",
      "synonyms": [
        "Jennifer Aniston"
      ]
    },
    {
      "value": "Johnny Depp",
      "synonyms": [
        "Johnny Depp"
      ]
    },
    {
      "value": "Jimmy Fallon",
      "synonyms": [
        "Jimmy Fallon"
      ]
    },
    {
      "value": "Steven Spielberg",
      "synonyms": [
        "Steven Spielberg"
      ]
    },
    {
      "value": "George Clooney",
      "synonyms": [
        "George Clooney"
      ]
    },
    {
      "value": "Dwayne Johnson",
      "synonyms": [
        "Dwayne Johnson"
      ]
    },
    {
      "value": "Derek Jeter",
      "synonyms": [
        "Derek Jeter"
      ]
    },
    {
      "value": "Hulk  Hogan",
      "synonyms": [
        "Hulk  Hogan"
      ]
    },
    {
      "value": "Melissa McCarthy",
      "synonyms": [
        "Melissa McCarthy"
      ]
    },
    {
      "value": "Will Farrell",
      "synonyms": [
        "Will Farrell"
      ]
    },
    {
      "value": "Kevin Hart",
      "synonyms": [
        "Kevin Hart"
      ]
    },
    {
      "value": "Vince Vaughn",
      "synonyms": [
        "Vince Vaughn"
      ]
    },
    {
      "value": "Kylo Ren",
      "synonyms": [
        "Kylo Ren"
      ]
    },
    {
      "value": "Ice Cube",
      "synonyms": [
        "Ice Cube"
      ]
    },
    {
      "value": "Daisy Ridley",
      "synonyms": [
        "Daisy Ridley"
      ]
    },
    {
      "value": "Zooey Deschanel",
      "synonyms": [
        "Zooey Deschanel"
      ]
    },
    {
      "value": "Elizabeth Hurley",
      "synonyms": [
        "Elizabeth Hurley"
      ]
    },
    {
      "value": "Natalie Portman",
      "synonyms": [
        "Natalie Portman"
      ]
    },
    {
      "value": "Hayden Christensen",
      "synonyms": [
        "Hayden Christensen"
      ]
    },
    {
      "value": "Eddie Murphy",
      "synonyms": [
        "Eddie Murphy"
      ]
    },
    {
      "value": "Ryan Reynolds",
      "synonyms": [
        "Ryan Reynolds"
      ]
    },
    {
      "value": "andrew garfield",
      "synonyms": [
        "andrew garfield"
      ]
    },
    {
      "value": "Haley Attwell",
      "synonyms": [
        "Haley Attwell"
      ]
    },
    {
      "value": "Margot Robbie",
      "synonyms": [
        "Margot Robbie"
      ]
    },
    {
      "value": "Anna Kendrick",
      "synonyms": [
        "Anna Kendrick"
      ]
    },
    {
      "value": "Ben Stiller",
      "synonyms": [
        "Ben Stiller"
      ]
    },
    {
      "value": "Owen Wilson",
      "synonyms": [
        "Owen Wilson"
      ]
    },
    {
      "value": "Salma Hayek",
      "synonyms": [
        "Salma Hayek"
      ]
    },
    {
      "value": "Emma Stone",
      "synonyms": [
        "Emma Stone"
      ]
    },
    {
      "value": "Colin Farrell",
      "synonyms": [
        "Colin Farrell"
      ]
    },
    {
      "value": "Miles Teller",
      "synonyms": [
        "Miles Teller"
      ]
    },
    {
      "value": "Jonah Hill",
      "synonyms": [
        "Jonah Hill"
      ]
    },
    {
      "value": "Dakota Johnson",
      "synonyms": [
        "Dakota Johnson"
      ]
    },
    {
      "value": "Elijah Wood",
      "synonyms": [
        "Elijah Wood"
      ]
    },
    {
      "value": "James Cameron",
      "synonyms": [
        "James Cameron"
      ]
    },
    {
      "value": "James Foley",
      "synonyms": [
        "James Foley"
      ]
    }
  ],
  "isEnum": false,
  "automatedExpansion": true
}