{
  "id": "66e9665c-be3b-453f-9916-4727e7c65fe9",
  "name": "ChannelGenre",
  "isOverridable": true,
  "entries": [
    {
      "value": "Sports",
      "synonyms": [
        "Sports",
        "sport",
        "play",
        "game"
      ]
    },
    {
      "value": "Movies",
      "synonyms": [
        "Movies",
        "Movie",
        "show",
        "picture",
        "HD",
        "high definition"
      ]
    },
    {
      "value": "Local",
      "synonyms": [
        "Local",
        "Locals"
      ]
    },
    {
      "value": "Local Plus",
      "synonyms": [
        "Local Plus"
      ]
    },
    {
      "value": "HD Sports",
      "synonyms": [
        "HD Sports",
        "Sports HD",
        "High Definition Sport",
        "HD Sport",
        "Sport HD",
        "High Definition Sport"
      ]
    },
    {
      "value": "HD BROADCAST",
      "synonyms": [
        "HD BROADCAST",
        "High Definition Broadcast"
      ]
    },
    {
      "value": "News",
      "synonyms": [
        "News",
        "Bulletin"
      ]
    },
    {
      "value": "HD News",
      "synonyms": [
        "HD News",
        "news HD",
        "High Definition News"
      ]
    },
    {
      "value": "Religion",
      "synonyms": [
        "Religion",
        "Religions"
      ]
    },
    {
      "value": "INTERNATIONAL PREMIUMS",
      "synonyms": [
        "INTERNATIONAL PREMIUMS"
      ]
    },
    {
      "value": "INFORMATION \u0026 EDUCATION",
      "synonyms": [
        "INFORMATION \u0026 EDUCATION"
      ]
    },
    {
      "value": "HD Information \u0026 Education",
      "synonyms": [
        "HD Information \u0026 Education",
        "Information \u0026 Education HD",
        "High Definition Information \u0026 Education"
      ]
    },
    {
      "value": "HD Family",
      "synonyms": [
        "HD Family",
        "High Definition Family",
        "Family HD",
        "Family High Definition"
      ]
    },
    {
      "value": "VIDEO ON DEMAND",
      "synonyms": [
        "VIDEO ON DEMAND",
        "VOD"
      ]
    },
    {
      "value": "ENTERTAINMENT",
      "synonyms": [
        "ENTERTAINMENT"
      ]
    },
    {
      "value": "WOMEN",
      "synonyms": [
        "WOMEN"
      ]
    },
    {
      "value": "Marketplace",
      "synonyms": [
        "Marketplace"
      ]
    },
    {
      "value": "HOME \u0026 LEISURE",
      "synonyms": [
        "HOME \u0026 LEISURE"
      ]
    },
    {
      "value": "POP CULTURE",
      "synonyms": [
        "POP CULTURE"
      ]
    },
    {
      "value": "FAMILY",
      "synonyms": [
        "FAMILY"
      ]
    },
    {
      "value": "MUSIC",
      "synonyms": [
        "MUSIC"
      ]
    },
    {
      "value": "PEOPLE \u0026 CULTURE",
      "synonyms": [
        "PEOPLE \u0026 CULTURE"
      ]
    },
    {
      "value": "KIDS",
      "synonyms": [
        "KIDS"
      ]
    },
    {
      "value": "EPIX",
      "synonyms": [
        "EPIX"
      ]
    },
    {
      "value": "HBO",
      "synonyms": [
        "HBO"
      ]
    },
    {
      "value": "CINEMAX",
      "synonyms": [
        "CINEMAX"
      ]
    },
    {
      "value": "OTHER PREMIUMS",
      "synonyms": [
        "OTHER PREMIUMS"
      ]
    },
    {
      "value": "HD Entertainment",
      "synonyms": [
        "HD Entertainment",
        "High Definition Entertainment",
        "Entertainment HD"
      ]
    },
    {
      "value": "HD Pop Culture",
      "synonyms": [
        "HD Pop Culture",
        "High Definition Pop Culture",
        "Pop Culture HD"
      ]
    },
    {
      "value": "HD Women",
      "synonyms": [
        "HD Women",
        "Women HD",
        "High Definition Women"
      ]
    },
    {
      "value": "HD Marketplace",
      "synonyms": [
        "HD Marketplace",
        "Market Place HD",
        "High Definition Market Place"
      ]
    },
    {
      "value": "HD Religion",
      "synonyms": [
        "HD Religion",
        "Religion HD",
        "High Definition Religion"
      ]
    },
    {
      "value": "HD Home \u0026 Leisure",
      "synonyms": [
        "HD Home \u0026 Leisure",
        "Home \u0026 Leisure HD"
      ]
    },
    {
      "value": "HD Music",
      "synonyms": [
        "HD Music",
        "Music HD",
        "High Definition Music"
      ]
    },
    {
      "value": "HD KIDS",
      "synonyms": [
        "HD KIDS",
        "KIDS HD",
        "high definition kids",
        "kids high definition"
      ]
    },
    {
      "value": "HD People  \u0026 Culture",
      "synonyms": [
        "HD People  \u0026 Culture",
        "People  \u0026 Culture HD",
        "HD People and Culture",
        "People and Culture HD"
      ]
    },
    {
      "value": "HBO HD",
      "synonyms": [
        "HBO HD",
        "HD HBO",
        "High Definition HBO"
      ]
    },
    {
      "value": "Cinemax HD",
      "synonyms": [
        "Cinemax HD",
        "HD Cinemax"
      ]
    },
    {
      "value": "Pay-Per-View",
      "synonyms": [
        "Pay-Per-View"
      ]
    },
    {
      "value": "HD Pay-Per-View",
      "synonyms": [
        "HD Pay-Per-View",
        "Pay-Per-View HD"
      ]
    },
    {
      "value": "HD Korean",
      "synonyms": [
        "HD Korean"
      ]
    },
    {
      "value": "HD Japanese",
      "synonyms": [
        "HD Japanese",
        "Japanese HD"
      ]
    },
    {
      "value": "MUSIC CHOICE",
      "synonyms": [
        "MUSIC CHOICE"
      ]
    },
    {
      "value": "HD Movies",
      "synonyms": [
        "HD Movies",
        "Movies HD",
        "High definition movie",
        "HD Movie",
        "Movie HD",
        "movie high definition"
      ]
    }
  ],
  "isEnum": false,
  "automatedExpansion": false
}