{
  "id": "5f696af4-3d8d-4f3e-8213-a8d799db5b6c",
  "name": "Confirm",
  "isOverridable": true,
  "entries": [
    {
      "value": "yes",
      "synonyms": [
        "yes",
        "yeah",
        "ok"
      ]
    },
    {
      "value": "no",
      "synonyms": [
        "no",
        "not now"
      ]
    },
    {
      "value": "romantic comedy",
      "synonyms": [
        "romantic comedy"
      ]
    },
    {
      "value": "High School Football Frenzy",
      "synonyms": [
        "High School Football Frenzy"
      ]
    }
  ],
  "isEnum": false,
  "automatedExpansion": false
}