{
  "id": "8e09e742-ca8b-4ee6-94e4-1832e6babe25",
  "name": "Genre",
  "isOverridable": true,
  "entries": [
    {
      "value": "Romance",
      "synonyms": [
        "Romance",
        "Romantic",
        "Romantic Comedy",
        "Romantic comedies"
      ]
    },
    {
      "value": "Horror",
      "synonyms": [
        "Horror",
        "Scary"
      ]
    },
    {
      "value": "Action",
      "synonyms": [
        "Action \u0026 Adventure",
        "Action",
        "Adventure"
      ]
    },
    {
      "value": "Animated",
      "synonyms": [
        "Animated",
        "Animation",
        "Cartoon",
        "Toon"
      ]
    },
    {
      "value": "Children",
      "synonyms": [
        "Children \u0026 Family",
        "Children",
        "Family",
        "Kids",
        "Kid"
      ]
    },
    {
      "value": "Documentary",
      "synonyms": [
        "Documentary"
      ]
    },
    {
      "value": "Drama",
      "synonyms": [
        "Drama"
      ]
    },
    {
      "value": "Independent",
      "synonyms": [
        "Independent"
      ]
    },
    {
      "value": "International",
      "synonyms": [
        "International"
      ]
    },
    {
      "value": "Lifestyle",
      "synonyms": [
        "Lifestyle"
      ]
    },
    {
      "value": "Music",
      "synonyms": [
        "Music",
        "musicals"
      ]
    },
    {
      "value": "Mystery",
      "synonyms": [
        "Mystery",
        "Suspense"
      ]
    },
    {
      "value": "Science Fiction",
      "synonyms": [
        "Sci-Fi \u0026 Fantasy",
        "Sci-Fi",
        "Fantasy",
        "Sci Fi",
        "sci fiction",
        "Fantasy",
        "sci-fi"
      ]
    },
    {
      "value": "Sports \u0026 Fitness",
      "synonyms": [
        "Sports",
        "Fitness",
        "Sports \u0026 Fitness"
      ]
    },
    {
      "value": "Thriller",
      "synonyms": [
        "Thriller"
      ]
    },
    {
      "value": "Western",
      "synonyms": [
        "Western"
      ]
    },
    {
      "value": "Reality",
      "synonyms": [
        "Reality",
        "Realty"
      ]
    },
    {
      "value": "Shopping",
      "synonyms": [
        "Shopping"
      ]
    },
    {
      "value": "Reality",
      "synonyms": [
        "Reality"
      ]
    },
    {
      "value": "Family",
      "synonyms": [
        "Family"
      ]
    },
    {
      "value": "Interests",
      "synonyms": [
        "Interests"
      ]
    },
    {
      "value": "Comedy",
      "synonyms": [
        "Comedy",
        "Comedies",
        "comedies"
      ]
    },
    {
      "value": "News",
      "synonyms": [
        "News"
      ]
    }
  ],
  "isEnum": false,
  "automatedExpansion": true
}