{
  "id": "aa9d1a65-0009-4407-912d-e6df30850c26",
  "name": "ProgramGroup",
  "isOverridable": true,
  "entries": [
    {
      "value": "Prime TIme",
      "synonyms": [
        "Prime TIme",
        "Prime"
      ]
    },
    {
      "value": "Trending",
      "synonyms": [
        "Trending"
      ]
    },
    {
      "value": "What\u0027s Hot",
      "synonyms": [
        "What\u0027s Hot",
        "Whats Hot",
        "Wats Hot",
        "WhatsHot"
      ]
    },
    {
      "value": "sports",
      "synonyms": [
        "sports"
      ]
    }
  ],
  "isEnum": false,
  "automatedExpansion": false
}