{
  "id": "4b942155-a6af-4e78-acb4-104707fa509f",
  "name": "VODTitles",
  "isOverridable": true,
  "entries": [
    {
      "value": "Frozen",
      "synonyms": [
        "Frozen"
      ]
    },
    {
      "value": "Trolls",
      "synonyms": [
        "Trolls"
      ]
    },
    {
      "value": "Storks",
      "synonyms": [
        "Storks"
      ]
    },
    {
      "value": "Titanic",
      "synonyms": [
        "Titanic"
      ]
    }
  ],
  "isEnum": false,
  "automatedExpansion": false
}